size_x,size_y,Ntasks,Niterations,total_time,comm_time,comp_time,slurm_job_id,slurm_job_name,partition,nodes,cpus_per_task,tasks_per_node,ntasks,omp_threads
16384,8192,8,500,3.102643,0.146427,2.992595,21731207,weak_1n_8mpi_14omp_16384x8192,n/a,1,14,8,8,14
65536,32768,128,500,3.140334,0.179490,2.997634,21731212,weak_16n_128mpi_14omp_65536x32768,n/a,16,14,8(x16),128,14
32768,32768,64,500,3.132983,0.175612,3.003354,21731211,weak_8n_64mpi_14omp_32768x32768,n/a,8,14,8(x8),64,14
16384,16384,16,500,3.173391,0.232937,2.981805,21731208,weak_2n_16mpi_14omp_16384x16384,n/a,2,14,8(x2),16,14
32768,16384,32,500,3.156090,0.202555,2.995120,21731210,weak_4n_32mpi_14omp_32768x16384,n/a,4,14,8(x4),32,14
